city,country,year,ntl_calibrated,ntl_source,ntl_raw
Abu Dhabi,ARE,2000,6.2048629728005125,DMSP_calibrated,27.30013935717826
Abu Dhabi,ARE,2001,6.990133465556504,DMSP_calibrated,27.82071300956277
Abu Dhabi,ARE,2002,7.510005036700655,DMSP_calibrated,28.16534768647718
Abu Dhabi,ARE,2003,7.576026811244219,DMSP_calibrated,28.20911502095377
Abu Dhabi,ARE,2004,5.277998315373303,DMSP_calibrated,26.685699715762976
Abu Dhabi,ARE,2005,4.1827344775398885,DMSP_calibrated,25.95962443132875
Abu Dhabi,ARE,2006,7.488588504784985,DMSP_calibrated,28.15115018084874
Abu Dhabi,ARE,2007,8.5196665799294,DMSP_calibrated,28.83467526478221
Abu Dhabi,ARE,2008,11.39460851671911,DMSP_calibrated,30.74053959845335
Abu Dhabi,ARE,2009,10.667788007720546,DMSP_calibrated,30.25871376838881
Abu Dhabi,ARE,2010,20.25892784631632,DMSP_calibrated,36.61689829508004
Abu Dhabi,ARE,2011,16.394798008212796,DMSP_calibrated,34.05527882552669
Abu Dhabi,ARE,2012,20.90127558126185,DMSP_calibrated,37.04272520385378
Abu Dhabi,ARE,2013,22.91002006455201,VIIRS,22.91002006455201
Abu Dhabi,ARE,2014,23.038222789978946,VIIRS,23.038222789978946
Abu Dhabi,ARE,2015,22.79866634657428,VIIRS,22.79866634657428
Abu Dhabi,ARE,2016,22.13035741140895,VIIRS,22.13035741140895
Abu Dhabi,ARE,2017,20.76979383433844,VIIRS,20.76979383433844
Abu Dhabi,ARE,2018,21.979627811319908,VIIRS,21.979627811319908
Abu Dhabi,ARE,2019,22.92951990771301,VIIRS,22.92951990771301
Abu Dhabi,ARE,2020,21.659626417680883,VIIRS,21.659626417680883
Abu Dhabi,ARE,2021,22.214781892123053,VIIRS,22.214781892123053
Abu Dhabi,ARE,2022,22.77746456187396,VIIRS,22.77746456187396
Abu Dhabi,ARE,2023,23.97122066370014,VIIRS,23.97122066370014
Ajman,ARE,2000,18.061652916054086,DMSP_calibrated,35.16027481783072
Ajman,ARE,2001,19.05254754597339,DMSP_calibrated,35.81716138288541
Ajman,ARE,2002,19.056333354148823,DMSP_calibrated,35.819671081145174
Ajman,ARE,2003,19.210216016387815,DMSP_calibrated,35.92168339443006
Ajman,ARE,2004,17.49863619833777,DMSP_calibrated,34.787038242919465
Ajman,ARE,2005,20.166815078215173,DMSP_calibrated,36.55583464814054
Ajman,ARE,2006,23.984114757943463,DMSP_calibrated,39.086409341642806
Ajman,ARE,2007,25.927222537510644,DMSP_calibrated,40.3745396395685
Ajman,ARE,2008,28.371629719607647,DMSP_calibrated,41.9949927018416
Ajman,ARE,2009,26.16917717190561,DMSP_calibrated,40.5349368643468
Ajman,ARE,2010,31.320732957309005,DMSP_calibrated,43.9500202469632
Ajman,ARE,2011,27.95938618068216,DMSP_calibrated,41.72170709298448
Ajman,ARE,2012,33.13569974522676,DMSP_calibrated,45.153202969934185
Ajman,ARE,2013,23.99525723011996,VIIRS,23.99525723011996
Ajman,ARE,2014,24.41508371764012,VIIRS,24.41508371764012
Ajman,ARE,2015,24.49771704321128,VIIRS,24.49771704321128
Ajman,ARE,2016,25.219384249521987,VIIRS,25.219384249521987
Ajman,ARE,2017,25.627620847833192,VIIRS,25.627620847833192
Ajman,ARE,2018,26.927033331874146,VIIRS,26.927033331874146
Ajman,ARE,2019,29.19573518594738,VIIRS,29.19573518594738
Ajman,ARE,2020,29.11818869430409,VIIRS,29.11818869430409
Ajman,ARE,2021,32.299170782138,VIIRS,32.299170782138
Ajman,ARE,2022,35.6611531907198,VIIRS,35.6611531907198
Ajman,ARE,2023,38.78749553796904,VIIRS,38.78749553796904
Al Ain,ARE,2000,19.067000664709795,DMSP_calibrated,35.82674268369623
Al Ain,ARE,2001,19.73419309832836,DMSP_calibrated,36.26903970773588
Al Ain,ARE,2002,21.236764503388077,DMSP_calibrated,37.26512843323382
Al Ain,ARE,2003,20.364461737291684,DMSP_calibrated,36.68685910932455
Al Ain,ARE,2004,22.631579585612947,DMSP_calibrated,38.18978304391002
Al Ain,ARE,2005,21.339402864285283,DMSP_calibrated,37.33316973479794
Al Ain,ARE,2006,23.436630174748764,DMSP_calibrated,38.72346937162354
Al Ain,ARE,2007,26.494476665345296,DMSP_calibrated,40.750585289928665
Al Ain,ARE,2008,30.18553260412625,DMSP_calibrated,43.19747013907553
Al Ain,ARE,2009,31.329151849105244,DMSP_calibrated,43.95560132162706
Al Ain,ARE,2010,38.45963430162588,DMSP_calibrated,48.68256015659467
Al Ain,ARE,2011,35.8631295610097,DMSP_calibrated,46.961278166853255
Al Ain,ARE,2012,38.881177027884064,DMSP_calibrated,48.96201040802864
Al Ain,ARE,2013,20.249375977545697,VIIRS,20.249375977545697
Al Ain,ARE,2014,20.673841331372053,VIIRS,20.673841331372053
Al Ain,ARE,2015,20.14884452349489,VIIRS,20.14884452349489
Al Ain,ARE,2016,20.17117918025321,VIIRS,20.17117918025321
Al Ain,ARE,2017,19.91122623250657,VIIRS,19.91122623250657
Al Ain,ARE,2018,20.358294053640087,VIIRS,20.358294053640087
Al Ain,ARE,2019,20.51082607355421,VIIRS,20.51082607355421
Al Ain,ARE,2020,23.181620613055376,VIIRS,23.181620613055376
Al Ain,ARE,2021,24.88706695895956,VIIRS,24.88706695895956
Al Ain,ARE,2022,25.79407401603019,VIIRS,25.79407401603019
Al Ain,ARE,2023,26.556928504366223,VIIRS,26.556928504366223
Al Mubarraz,SAU,2000,12.394469785877256,DMSP_calibrated,31.403370352397392
Al Mubarraz,SAU,2001,11.765892429980546,DMSP_calibrated,30.98667214078253
Al Mubarraz,SAU,2002,14.330863409824367,DMSP_calibrated,32.68704968400504
Al Mubarraz,SAU,2003,13.34402942417595,DMSP_calibrated,32.032855012302555
Al Mubarraz,SAU,2004,12.866026370843564,DMSP_calibrated,31.715975927172448
Al Mubarraz,SAU,2005,12.38238131601831,DMSP_calibrated,31.39535663105645
Al Mubarraz,SAU,2006,16.144615817452852,DMSP_calibrated,33.8894273666894
Al Mubarraz,SAU,2007,18.156342209549543,DMSP_calibrated,35.22304650199733
Al Mubarraz,SAU,2008,20.791022739466023,DMSP_calibrated,36.969636089887466
Al Mubarraz,SAU,2009,19.788859339697765,DMSP_calibrated,36.30527920125349
Al Mubarraz,SAU,2010,29.28636948443865,DMSP_calibrated,42.60139447645583
Al Mubarraz,SAU,2011,28.75031977235323,DMSP_calibrated,42.24603494231543
Al Mubarraz,SAU,2012,32.08386627412062,DMSP_calibrated,44.455918662418334
Al Mubarraz,SAU,2013,19.94176808420642,VIIRS,19.94176808420642
Al Mubarraz,SAU,2014,22.44912971586238,VIIRS,22.44912971586238
Al Mubarraz,SAU,2015,22.80396942761364,VIIRS,22.80396942761364
Al Mubarraz,SAU,2016,24.41257794430381,VIIRS,24.41257794430381
Al Mubarraz,SAU,2017,26.256942459701587,VIIRS,26.256942459701587
Al Mubarraz,SAU,2018,25.03924698861388,VIIRS,25.03924698861388
Al Mubarraz,SAU,2019,22.630167470332527,VIIRS,22.630167470332527
Al Mubarraz,SAU,2020,20.58796060946053,VIIRS,20.58796060946053
Al Mubarraz,SAU,2021,21.824703485378368,VIIRS,21.824703485378368
Al Mubarraz,SAU,2022,21.937438327427017,VIIRS,21.937438327427017
Al Mubarraz,SAU,2023,23.68531442965692,VIIRS,23.68531442965692
Buraydah,SAU,2000,16.430111946593,DMSP_calibrated,34.07868923767416
Buraydah,SAU,2001,15.5490148024317,DMSP_calibrated,33.494589920721815
Buraydah,SAU,2002,17.21948827706712,DMSP_calibrated,34.60198474317392
Buraydah,SAU,2003,15.648036958248412,DMSP_calibrated,33.560233957771494
Buraydah,SAU,2004,15.511083400690886,DMSP_calibrated,33.46944433263919
Buraydah,SAU,2005,15.457837235441724,DMSP_calibrated,33.43414623984833
Buraydah,SAU,2006,17.40770248645495,DMSP_calibrated,34.726756219137336
Buraydah,SAU,2007,21.010099691035748,DMSP_calibrated,37.11486717889943
Buraydah,SAU,2008,26.892836155579324,DMSP_calibrated,41.01466684743804
Buraydah,SAU,2009,26.059944699468677,DMSP_calibrated,40.46252417641309
Buraydah,SAU,2010,37.48156270782124,DMSP_calibrated,48.03417427354248
Buraydah,SAU,2011,38.826089761911874,DMSP_calibrated,48.92549180773542
Buraydah,SAU,2012,40.984200112785686,DMSP_calibrated,50.35615219541954
Buraydah,SAU,2013,25.774745153629063,VIIRS,25.774745153629063
Buraydah,SAU,2014,27.18972641615816,VIIRS,27.18972641615816
Buraydah,SAU,2015,29.95209337823242,VIIRS,29.95209337823242
Buraydah,SAU,2016,33.12812868334692,VIIRS,33.12812868334692
Buraydah,SAU,2017,33.77934635027096,VIIRS,33.77934635027096
Buraydah,SAU,2018,32.692946766284884,VIIRS,32.692946766284884
Buraydah,SAU,2019,32.310500486911785,VIIRS,32.310500486911785
Buraydah,SAU,2020,25.189375267040035,VIIRS,25.189375267040035
Buraydah,SAU,2021,25.68994076432373,VIIRS,25.68994076432373
Buraydah,SAU,2022,24.91251636971108,VIIRS,24.91251636971108
Buraydah,SAU,2023,26.941595065871965,VIIRS,26.941595065871965
Dammam,SAU,2000,30.842218844531217,DMSP_calibrated,43.63280236891456
Dammam,SAU,2001,31.34548788700168,DMSP_calibrated,43.96643085233232
Dammam,SAU,2002,33.1147014696061,DMSP_calibrated,45.13928273590723
Dammam,SAU,2003,31.82079712433547,DMSP_calibrated,44.28152414562869
Dammam,SAU,2004,32.084238812339564,DMSP_calibrated,44.45616562646839
Dammam,SAU,2005,32.01527693370794,DMSP_calibrated,44.41044923018745
Dammam,SAU,2006,33.60069984335989,DMSP_calibrated,45.46146210061253
Dammam,SAU,2007,34.75791180796283,DMSP_calibrated,46.22860420585344
Dammam,SAU,2008,37.13316435742196,DMSP_calibrated,47.80321309083516
Dammam,SAU,2009,35.18007283057659,DMSP_calibrated,46.50846433999032
Dammam,SAU,2010,41.12832847190816,DMSP_calibrated,50.45169815953345
Dammam,SAU,2011,41.593616411036166,DMSP_calibrated,50.76014810654755
Dammam,SAU,2012,44.48269410388495,DMSP_calibrated,52.67538335409967
Dammam,SAU,2013,43.48856889357888,VIIRS,43.48856889357888
Dammam,SAU,2014,47.13995796248386,VIIRS,47.13995796248386
Dammam,SAU,2015,47.09180868034893,VIIRS,47.09180868034893
Dammam,SAU,2016,49.55832732119335,VIIRS,49.55832732119335
Dammam,SAU,2017,49.89749000972819,VIIRS,49.89749000972819
Dammam,SAU,2018,52.91948544770001,VIIRS,52.91948544770001
Dammam,SAU,2019,51.07783822425549,VIIRS,51.07783822425549
Dammam,SAU,2020,46.002096175446056,VIIRS,46.002096175446056
Dammam,SAU,2021,47.787240226240606,VIIRS,47.787240226240606
Dammam,SAU,2022,47.59722909771946,VIIRS,47.59722909771946
Dammam,SAU,2023,51.91326579670704,VIIRS,51.91326579670704
Doha,QAT,2000,24.239574597980397,DMSP_calibrated,39.25575947410335
Doha,QAT,2001,23.3633092452315,DMSP_calibrated,38.67486326146515
Doha,QAT,2002,24.805137754963773,DMSP_calibrated,39.63068414146435
Doha,QAT,2003,23.83458259366855,DMSP_calibrated,38.98728107230932
Doha,QAT,2004,23.552341798990906,DMSP_calibrated,38.80017723650671
Doha,QAT,2005,23.710130319399447,DMSP_calibrated,38.90477883192022
Doha,QAT,2006,25.778628676576588,DMSP_calibrated,40.27603339283959
Doha,QAT,2007,28.577379682141057,DMSP_calibrated,42.1313890270086
Doha,QAT,2008,32.38362893244111,DMSP_calibrated,44.65463813975755
Doha,QAT,2009,31.36140944009536,DMSP_calibrated,43.97698561164401
Doha,QAT,2010,36.10429571894355,DMSP_calibrated,47.121152692669895
Doha,QAT,2011,37.9747855319026,DMSP_calibrated,48.36114289052223
Doha,QAT,2012,39.64672789734965,DMSP_calibrated,49.46951147406917
Doha,QAT,2013,45.19367596428695,VIIRS,45.19367596428695
Doha,QAT,2014,51.31874379452732,VIIRS,51.31874379452732
Doha,QAT,2015,56.31161516638548,VIIRS,56.31161516638548
Doha,QAT,2016,60.886689758002845,VIIRS,60.886689758002845
Doha,QAT,2017,67.93781052607153,VIIRS,67.93781052607153
Doha,QAT,2018,72.4027078654846,VIIRS,72.4027078654846
Doha,QAT,2019,77.89160371228391,VIIRS,77.89160371228391
Doha,QAT,2020,81.0288926158477,VIIRS,81.0288926158477
Doha,QAT,2021,85.30752732736026,VIIRS,85.30752732736026
Doha,QAT,2022,88.78347386221881,VIIRS,88.78347386221881
Doha,QAT,2023,92.42084397616972,VIIRS,92.42084397616972
Dubai,ARE,2000,22.31639389385641,DMSP_calibrated,37.9808392872674
Dubai,ARE,2001,26.383498608463647,DMSP_calibrated,40.67701541440379
Dubai,ARE,2002,27.880243415998883,DMSP_calibrated,41.66924155601214
Dubai,ARE,2003,28.458970933508937,DMSP_calibrated,42.05289317708386
Dubai,ARE,2004,29.06736483182263,DMSP_calibrated,42.45621131606303
Dubai,ARE,2005,29.878387321547507,DMSP_calibrated,42.9938565523692
Dubai,ARE,2006,33.78783161926701,DMSP_calibrated,45.58551600682677
Dubai,ARE,2007,35.695432115359964,DMSP_calibrated,46.85010771974903
Dubai,ARE,2008,38.20642807437331,DMSP_calibrated,48.51470399525495
Dubai,ARE,2009,35.34963243995047,DMSP_calibrated,46.62086925773893
Dubai,ARE,2010,39.67091211096162,DMSP_calibrated,49.48554373878071
Dubai,ARE,2011,36.3830535805249,DMSP_calibrated,47.30594761298455
Dubai,ARE,2012,40.75795566634069,DMSP_calibrated,50.20616961119658
Dubai,ARE,2013,33.17129737325245,VIIRS,33.17129737325245
Dubai,ARE,2014,33.85101907219993,VIIRS,33.85101907219993
Dubai,ARE,2015,35.10098030667415,VIIRS,35.10098030667415
Dubai,ARE,2016,36.34621956305408,VIIRS,36.34621956305408
Dubai,ARE,2017,37.61005351802667,VIIRS,37.61005351802667
Dubai,ARE,2018,40.40358801586347,VIIRS,40.40358801586347
Dubai,ARE,2019,41.29256113452899,VIIRS,41.29256113452899
Dubai,ARE,2020,38.6632600120715,VIIRS,38.6632600120715
Dubai,ARE,2021,41.0952919762455,VIIRS,41.0952919762455
Dubai,ARE,2022,44.03419416956108,VIIRS,44.03419416956108
Dubai,ARE,2023,47.91969310257247,VIIRS,47.91969310257247
Jeddah,SAU,2000,32.31831180293709,DMSP_calibrated,44.61133793048846
Jeddah,SAU,2001,32.62022572319384,DMSP_calibrated,44.81148352824571
Jeddah,SAU,2002,33.36746060228256,DMSP_calibrated,45.30684250809367
Jeddah,SAU,2003,32.03424144270065,DMSP_calibrated,44.42302123410596
Jeddah,SAU,2004,32.674277831116456,DMSP_calibrated,44.84731589874725
Jeddah,SAU,2005,31.85516608424092,DMSP_calibrated,44.30430811007366
Jeddah,SAU,2006,33.96091075657168,DMSP_calibrated,45.70025409961062
Jeddah,SAU,2007,33.51006034003271,DMSP_calibrated,45.40137511436687
Jeddah,SAU,2008,35.31906389979149,DMSP_calibrated,46.600604677896165
Jeddah,SAU,2009,34.39366712865623,DMSP_calibrated,45.98713813165679
Jeddah,SAU,2010,42.00986144411529,DMSP_calibrated,51.03608639680015
Jeddah,SAU,2011,38.33507674697127,DMSP_calibrated,48.59998812344585
Jeddah,SAU,2012,40.34606420846967,DMSP_calibrated,49.933117404870366
Jeddah,SAU,2013,37.83347094998647,VIIRS,37.83347094998647
Jeddah,SAU,2014,39.23687012443698,VIIRS,39.23687012443698
Jeddah,SAU,2015,40.95226534561647,VIIRS,40.95226534561647
Jeddah,SAU,2016,41.35793333745111,VIIRS,41.35793333745111
Jeddah,SAU,2017,43.4224729934391,VIIRS,43.4224729934391
Jeddah,SAU,2018,44.30828541482339,VIIRS,44.30828541482339
Jeddah,SAU,2019,44.54735853904381,VIIRS,44.54735853904381
Jeddah,SAU,2020,41.307569646559685,VIIRS,41.307569646559685
Jeddah,SAU,2021,44.4623261649066,VIIRS,44.4623261649066
Jeddah,SAU,2022,42.65041554831133,VIIRS,42.65041554831133
Jeddah,SAU,2023,44.40978752759656,VIIRS,44.40978752759656
Khobar,SAU,2000,19.9557013717728,DMSP_calibrated,36.41588257526253
Khobar,SAU,2001,18.738929506657783,DMSP_calibrated,35.609256858665724
Khobar,SAU,2002,21.3333118893733,DMSP_calibrated,37.32913188913105
Khobar,SAU,2003,18.61631828044657,DMSP_calibrated,35.527975090866065
Khobar,SAU,2004,18.325149386843727,DMSP_calibrated,35.334952615423724
Khobar,SAU,2005,18.17729617732607,DMSP_calibrated,35.23693736334766
Khobar,SAU,2006,18.817625947920988,DMSP_calibrated,35.66142651770164
Khobar,SAU,2007,20.340931739623272,DMSP_calibrated,36.671260539226935
Khobar,SAU,2008,23.13675233158522,DMSP_calibrated,38.52467353563465
Khobar,SAU,2009,22.01198843871972,DMSP_calibrated,37.779041994426144
Khobar,SAU,2010,28.50251788653108,DMSP_calibrated,42.08176144170615
Khobar,SAU,2011,29.26031980010619,DMSP_calibrated,42.58412554881687
Khobar,SAU,2012,29.450627325195327,DMSP_calibrated,42.71028473132253
Khobar,SAU,2013,29.23638610947743,VIIRS,29.23638610947743
Khobar,SAU,2014,31.705119072091453,VIIRS,31.705119072091453
Khobar,SAU,2015,31.46782957837384,VIIRS,31.46782957837384
Khobar,SAU,2016,33.21719828215873,VIIRS,33.21719828215873
Khobar,SAU,2017,33.671008303283365,VIIRS,33.671008303283365
Khobar,SAU,2018,36.80992768533542,VIIRS,36.80992768533542
Khobar,SAU,2019,36.37541527885472,VIIRS,36.37541527885472
Khobar,SAU,2020,33.429257324008,VIIRS,33.429257324008
Khobar,SAU,2021,34.40170976513821,VIIRS,34.40170976513821
Khobar,SAU,2022,35.46006376847922,VIIRS,35.46006376847922
Khobar,SAU,2023,38.03276062797767,VIIRS,38.03276062797767
Kuwait City,KWT,2000,20.916505555431847,DMSP_calibrated,37.05282149978306
Kuwait City,KWT,2001,19.694993696917905,DMSP_calibrated,36.24305353386105
Kuwait City,KWT,2002,19.468046229061635,DMSP_calibrated,36.09260490077067
Kuwait City,KWT,2003,19.264583049901205,DMSP_calibrated,35.95772453626139
Kuwait City,KWT,2004,18.09761410957607,DMSP_calibrated,35.18411431011846
Kuwait City,KWT,2005,18.44014924949348,DMSP_calibrated,35.41118863737483
Kuwait City,KWT,2006,19.53460369028967,DMSP_calibrated,36.136727354122144
Kuwait City,KWT,2007,18.089528114963407,DMSP_calibrated,35.178753920561604
Kuwait City,KWT,2008,19.91701468425979,DMSP_calibrated,36.39023629108009
Kuwait City,KWT,2009,17.75576566293762,DMSP_calibrated,34.9574952074396
Kuwait City,KWT,2010,22.973343019060543,DMSP_calibrated,38.41634578941301
Kuwait City,KWT,2011,22.9456101393692,DMSP_calibrated,38.397961033325466
Kuwait City,KWT,2012,25.97613568938842,DMSP_calibrated,40.40696527934173
Kuwait City,KWT,2013,34.58490598734061,VIIRS,34.58490598734061
Kuwait City,KWT,2014,36.38470784471394,VIIRS,36.38470784471394
Kuwait City,KWT,2015,35.967510808063814,VIIRS,35.967510808063814
Kuwait City,KWT,2016,38.035713905138,VIIRS,38.035713905138
Kuwait City,KWT,2017,41.67483537601307,VIIRS,41.67483537601307
Kuwait City,KWT,2018,42.72167794219503,VIIRS,42.72167794219503
Kuwait City,KWT,2019,43.07020378530075,VIIRS,43.07020378530075
Kuwait City,KWT,2020,44.55485726888485,VIIRS,44.55485726888485
Kuwait City,KWT,2021,46.88182520821138,VIIRS,46.88182520821138
Kuwait City,KWT,2022,47.18432364100102,VIIRS,47.18432364100102
Kuwait City,KWT,2023,48.00151124894112,VIIRS,48.00151124894112
Manama,BHR,2000,14.99913736993384,DMSP_calibrated,33.13006367652971
Manama,BHR,2001,14.110051489116591,DMSP_calibrated,32.54066844452989
Manama,BHR,2002,15.187348852408,DMSP_calibrated,33.254833344760094
Manama,BHR,2003,14.179449575408931,DMSP_calibrated,32.58667401278053
Manama,BHR,2004,12.988855350196204,DMSP_calibrated,31.79740204847729
Manama,BHR,2005,13.58764934205277,DMSP_calibrated,32.19435619133916
Manama,BHR,2006,15.864228885605478,DMSP_calibrated,33.703552498680025
Manama,BHR,2007,17.549915001443374,DMSP_calibrated,34.82103212664341
Manama,BHR,2008,19.845549191697884,DMSP_calibrated,36.34286019223823
Manama,BHR,2009,17.558673858990645,DMSP_calibrated,34.82683857232825
Manama,BHR,2010,23.138914814155427,DMSP_calibrated,38.52610709446587
Manama,BHR,2011,22.99927101019518,DMSP_calibrated,38.43353404386605
Manama,BHR,2012,25.44779870894307,DMSP_calibrated,40.05671869025246
Manama,BHR,2013,29.08116059281217,VIIRS,29.08116059281217
Manama,BHR,2014,29.95910148817673,VIIRS,29.95910148817673
Manama,BHR,2015,31.075416534405413,VIIRS,31.075416534405413
Manama,BHR,2016,32.77137525890197,VIIRS,32.77137525890197
Manama,BHR,2017,33.724965493454185,VIIRS,33.724965493454185
Manama,BHR,2018,35.502413653507055,VIIRS,35.502413653507055
Manama,BHR,2019,38.91374440691063,VIIRS,38.91374440691063
Manama,BHR,2020,40.86660146114396,VIIRS,40.86660146114396
Manama,BHR,2021,38.83386223210674,VIIRS,38.83386223210674
Manama,BHR,2022,38.45494234243839,VIIRS,38.45494234243839
Manama,BHR,2023,39.82554997691822,VIIRS,39.82554997691822
Mecca,SAU,2000,18.33867590334703,DMSP_calibrated,35.34391965056018
Mecca,SAU,2001,18.286335741138565,DMSP_calibrated,35.30922216777099
Mecca,SAU,2002,20.095659099633124,DMSP_calibrated,36.50866373314863
Mecca,SAU,2003,18.96137122646489,DMSP_calibrated,35.75671852899574
Mecca,SAU,2004,19.981752626444,DMSP_calibrated,36.43315254391472
Mecca,SAU,2005,18.75851104517196,DMSP_calibrated,35.62223790547401
Mecca,SAU,2006,22.751790086926484,DMSP_calibrated,38.26947331662628
Mecca,SAU,2007,22.641456436252746,DMSP_calibrated,38.19633063261868
Mecca,SAU,2008,25.229697709172697,DMSP_calibrated,39.91213458186364
Mecca,SAU,2009,27.17211686791775,DMSP_calibrated,41.19980837739966
Mecca,SAU,2010,35.82192626436483,DMSP_calibrated,46.93396356529549
Mecca,SAU,2011,34.70479314053,DMSP_calibrated,46.19339063426201
Mecca,SAU,2012,36.94558862866453,DMSP_calibrated,47.67886487818904
Mecca,SAU,2013,34.668608594380345,VIIRS,34.668608594380345
Mecca,SAU,2014,39.95237161084231,VIIRS,39.95237161084231
Mecca,SAU,2015,43.63086079887097,VIIRS,43.63086079887097
Mecca,SAU,2016,43.52634833081041,VIIRS,43.52634833081041
Mecca,SAU,2017,42.99149362137611,VIIRS,42.99149362137611
Mecca,SAU,2018,41.956383920547616,VIIRS,41.956383920547616
Mecca,SAU,2019,41.23643792162666,VIIRS,41.23643792162666
Mecca,SAU,2020,37.096966085521885,VIIRS,37.096966085521885
Mecca,SAU,2021,36.14098236963225,VIIRS,36.14098236963225
Mecca,SAU,2022,33.91688917565144,VIIRS,33.91688917565144
Mecca,SAU,2023,37.94777086778584,VIIRS,37.94777086778584
Medina,SAU,2000,4.916548957902833,DMSP_calibrated,26.44608672392616
Medina,SAU,2001,5.232490243232995,DMSP_calibrated,26.65553138071716
Medina,SAU,2002,7.449712462806154,DMSP_calibrated,28.12537836928844
Medina,SAU,2003,6.747810805450229,DMSP_calibrated,27.66007181217825
Medina,SAU,2004,7.249778776514738,DMSP_calibrated,27.99283778579836
Medina,SAU,2005,6.853847898566848,DMSP_calibrated,27.73036621055584
Medina,SAU,2006,9.597817776647055,DMSP_calibrated,29.549406190591284
Medina,SAU,2007,11.389393938449466,DMSP_calibrated,30.73708273603395
Medina,SAU,2008,14.187351342222172,DMSP_calibrated,32.591912273543166
Medina,SAU,2009,14.67047303421812,DMSP_calibrated,32.91218462054788
Medina,SAU,2010,24.171319124042185,DMSP_calibrated,39.21051136954444
Medina,SAU,2011,23.64354975100292,DMSP_calibrated,38.86064106030171
Medina,SAU,2012,27.529739684133304,DMSP_calibrated,41.4368846680928
Medina,SAU,2013,27.698021985392323,VIIRS,27.698021985392323
Medina,SAU,2014,29.840290557789093,VIIRS,29.840290557789093
Medina,SAU,2015,34.37716307004288,VIIRS,34.37716307004288
Medina,SAU,2016,32.87155246409879,VIIRS,32.87155246409879
Medina,SAU,2017,32.880837998998736,VIIRS,32.880837998998736
Medina,SAU,2018,33.70011166433276,VIIRS,33.70011166433276
Medina,SAU,2019,34.06764225699294,VIIRS,34.06764225699294
Medina,SAU,2020,29.323297813036863,VIIRS,29.323297813036863
Medina,SAU,2021,33.50299543970479,VIIRS,33.50299543970479
Medina,SAU,2022,34.56266019068713,VIIRS,34.56266019068713
Medina,SAU,2023,36.81871803882167,VIIRS,36.81871803882167
Muscat,OMN,2000,0.0,DMSP_calibrated,16.132757395885825
Muscat,OMN,2001,0.0,DMSP_calibrated,16.4545082091481
Muscat,OMN,2002,0.0,DMSP_calibrated,16.18963630246859
Muscat,OMN,2003,0.0,DMSP_calibrated,15.827127801657866
Muscat,OMN,2004,0.0,DMSP_calibrated,15.946941585171995
Muscat,OMN,2005,0.0,DMSP_calibrated,15.390878828613552
Muscat,OMN,2006,0.0,DMSP_calibrated,16.751392255923868
Muscat,OMN,2007,0.0,DMSP_calibrated,17.203149162336246
Muscat,OMN,2008,0.0,DMSP_calibrated,17.8763527298612
Muscat,OMN,2009,0.0,DMSP_calibrated,17.832330803184043
Muscat,OMN,2010,0.0,DMSP_calibrated,20.7441671082516
Muscat,OMN,2011,0.0,DMSP_calibrated,21.63772540684772
Muscat,OMN,2012,0.0,DMSP_calibrated,23.077306481119177
Muscat,OMN,2013,8.395552968018317,VIIRS,8.395552968018317
Muscat,OMN,2014,8.80493563216681,VIIRS,8.80493563216681
Muscat,OMN,2015,9.3044762806664,VIIRS,9.3044762806664
Muscat,OMN,2016,9.408577170866204,VIIRS,9.408577170866204
Muscat,OMN,2017,9.75772427301436,VIIRS,9.75772427301436
Muscat,OMN,2018,9.661384859918494,VIIRS,9.661384859918494
Muscat,OMN,2019,9.384618872734228,VIIRS,9.384618872734228
Muscat,OMN,2020,8.482486696902273,VIIRS,8.482486696902273
Muscat,OMN,2021,7.913188683218593,VIIRS,7.913188683218593
Muscat,OMN,2022,8.215225200031052,VIIRS,8.215225200031052
Muscat,OMN,2023,8.225417014119838,VIIRS,8.225417014119838
Ras Al Khaimah,ARE,2000,0.0,DMSP_calibrated,20.87126724053535
Ras Al Khaimah,ARE,2001,0.0,DMSP_calibrated,21.666720109193022
Ras Al Khaimah,ARE,2002,0.0,DMSP_calibrated,23.04883712846212
Ras Al Khaimah,ARE,2003,0.0,DMSP_calibrated,22.063664946574026
Ras Al Khaimah,ARE,2004,0.0,DMSP_calibrated,21.55258070649129
Ras Al Khaimah,ARE,2005,0.0,DMSP_calibrated,21.851229840225777
Ras Al Khaimah,ARE,2006,1.2521072256521464,DMSP_calibrated,24.01684503701013
Ras Al Khaimah,ARE,2007,3.63956437280136,DMSP_calibrated,25.59954462711067
Ras Al Khaimah,ARE,2008,5.008782369478617,DMSP_calibrated,26.507230348166228
Ras Al Khaimah,ARE,2009,3.849399378525512,DMSP_calibrated,25.738649020228223
Ras Al Khaimah,ARE,2010,10.100232812984714,DMSP_calibrated,29.88246853393908
Ras Al Khaimah,ARE,2011,7.880430393333135,DMSP_calibrated,28.41091107210909
Ras Al Khaimah,ARE,2012,11.35699771277207,DMSP_calibrated,30.71560654193277
Ras Al Khaimah,ARE,2013,7.282040696079437,VIIRS,7.282040696079437
Ras Al Khaimah,ARE,2014,7.510828641535665,VIIRS,7.510828641535665
Ras Al Khaimah,ARE,2015,7.511150580663312,VIIRS,7.511150580663312
Ras Al Khaimah,ARE,2016,7.570653417982749,VIIRS,7.570653417982749
Ras Al Khaimah,ARE,2017,7.462434357766551,VIIRS,7.462434357766551
Ras Al Khaimah,ARE,2018,7.957756044985303,VIIRS,7.957756044985303
Ras Al Khaimah,ARE,2019,7.911903655998867,VIIRS,7.911903655998867
Ras Al Khaimah,ARE,2020,7.731050554116202,VIIRS,7.731050554116202
Ras Al Khaimah,ARE,2021,8.880375736658424,VIIRS,8.880375736658424
Ras Al Khaimah,ARE,2022,9.363884458318514,VIIRS,9.363884458318514
Ras Al Khaimah,ARE,2023,10.529223994095648,VIIRS,10.529223994095648
Riyadh,SAU,2000,55.96388782281433,DMSP_calibrated,60.2865275434361
Riyadh,SAU,2001,55.76378742010516,DMSP_calibrated,60.1538764398446
Riyadh,SAU,2002,56.37556949351507,DMSP_calibrated,60.5594406770804
Riyadh,SAU,2003,56.42467254529821,DMSP_calibrated,60.59199220581576
Riyadh,SAU,2004,56.46863501589456,DMSP_calibrated,60.62113592647928
Riyadh,SAU,2005,56.36142034210454,DMSP_calibrated,60.55006088311657
Riyadh,SAU,2006,57.58085193893996,DMSP_calibrated,61.35844979630466
Riyadh,SAU,2007,56.574695880001045,DMSP_calibrated,60.69144608318617
Riyadh,SAU,2008,58.00711631705296,DMSP_calibrated,61.641030138037486
Riyadh,SAU,2009,58.479208590402806,DMSP_calibrated,61.95399083281377
Riyadh,SAU,2010,59.72572798874414,DMSP_calibrated,62.78033686510296
Riyadh,SAU,2011,59.57476195319551,DMSP_calibrated,62.68025804992203
Riyadh,SAU,2012,59.84970556812219,DMSP_calibrated,62.86252441946287
Riyadh,SAU,2013,100.68156452190482,VIIRS,100.68156452190482
Riyadh,SAU,2014,106.08331718983592,VIIRS,106.08331718983592
Riyadh,SAU,2015,113.30347681057518,VIIRS,113.30347681057518
Riyadh,SAU,2016,114.13917997950256,VIIRS,114.13917997950256
Riyadh,SAU,2017,109.5022169876876,VIIRS,109.5022169876876
Riyadh,SAU,2018,106.79070485822692,VIIRS,106.79070485822692
Riyadh,SAU,2019,106.76246415291914,VIIRS,106.76246415291914
Riyadh,SAU,2020,106.59499344217625,VIIRS,106.59499344217625
Riyadh,SAU,2021,115.03226576501685,VIIRS,115.03226576501685
Riyadh,SAU,2022,119.41545223660826,VIIRS,119.41545223660826
Riyadh,SAU,2023,128.21365882695292,VIIRS,128.21365882695292
Sharjah,ARE,2000,29.091150933401167,DMSP_calibrated,42.47197966326181
Sharjah,ARE,2001,30.301223550401645,DMSP_calibrated,43.274164296064704
Sharjah,ARE,2002,30.324132234367585,DMSP_calibrated,43.2893509831916
Sharjah,ARE,2003,30.776380966983737,DMSP_calibrated,43.58915694393514
Sharjah,ARE,2004,28.97996473273662,DMSP_calibrated,42.39827180449385
Sharjah,ARE,2005,29.96200746213711,DMSP_calibrated,43.04929024356376
Sharjah,ARE,2006,32.584502085965255,DMSP_calibrated,44.787801517422565
Sharjah,ARE,2007,34.03136042867858,DMSP_calibrated,45.74695678799163
Sharjah,ARE,2008,35.900467359179885,DMSP_calibrated,46.98603024164118
Sharjah,ARE,2009,32.35193396417195,DMSP_calibrated,44.6336268251261
Sharjah,ARE,2010,36.75166124980369,DMSP_calibrated,47.55030601236864
Sharjah,ARE,2011,33.42552549837414,DMSP_calibrated,45.34533504705007
Sharjah,ARE,2012,38.43579190286636,DMSP_calibrated,48.66675448871545
Sharjah,ARE,2013,32.424862004252674,VIIRS,32.424862004252674
Sharjah,ARE,2014,33.12948963961118,VIIRS,33.12948963961118
Sharjah,ARE,2015,33.69704088834004,VIIRS,33.69704088834004
Sharjah,ARE,2016,34.63732539039951,VIIRS,34.63732539039951
Sharjah,ARE,2017,35.44016850487666,VIIRS,35.44016850487666
Sharjah,ARE,2018,37.33891174461651,VIIRS,37.33891174461651
Sharjah,ARE,2019,39.660262134405336,VIIRS,39.660262134405336
Sharjah,ARE,2020,38.32784486078918,VIIRS,38.32784486078918
Sharjah,ARE,2021,41.6133306767813,VIIRS,41.6133306767813
Sharjah,ARE,2022,45.449500702784206,VIIRS,45.449500702784206
Sharjah,ARE,2023,49.39622977204843,VIIRS,49.39622977204843
Sohar,OMN,2000,0.0,DMSP_calibrated,12.982218375063525
Sohar,OMN,2001,0.0,DMSP_calibrated,13.018748797762916
Sohar,OMN,2002,0.0,DMSP_calibrated,13.13145045060565
Sohar,OMN,2003,0.0,DMSP_calibrated,11.685186142189846
Sohar,OMN,2004,0.0,DMSP_calibrated,11.730067985610487
Sohar,OMN,2005,0.0,DMSP_calibrated,11.981509234616391
Sohar,OMN,2006,0.0,DMSP_calibrated,13.79533905239314
Sohar,OMN,2007,0.0,DMSP_calibrated,15.03426196279741
Sohar,OMN,2008,0.0,DMSP_calibrated,15.828879314057351
Sohar,OMN,2009,0.0,DMSP_calibrated,17.48307896149684
Sohar,OMN,2010,0.0,DMSP_calibrated,20.7760092331809
Sohar,OMN,2011,0.0,DMSP_calibrated,20.66340734807313
Sohar,OMN,2012,0.0,DMSP_calibrated,21.474324522191512
Sohar,OMN,2013,5.494769504105473,VIIRS,5.494769504105473
Sohar,OMN,2014,5.413011441531212,VIIRS,5.413011441531212
Sohar,OMN,2015,5.860705574773582,VIIRS,5.860705574773582
Sohar,OMN,2016,6.116384621559307,VIIRS,6.116384621559307
Sohar,OMN,2017,6.518130288179393,VIIRS,6.518130288179393
Sohar,OMN,2018,7.041103277712763,VIIRS,7.041103277712763
Sohar,OMN,2019,7.423112889886648,VIIRS,7.423112889886648
Sohar,OMN,2020,7.99303423727367,VIIRS,7.99303423727367
Sohar,OMN,2021,12.979237329810184,VIIRS,12.979237329810184
Sohar,OMN,2022,7.92461989464276,VIIRS,7.92461989464276
Sohar,OMN,2023,8.05518358839465,VIIRS,8.05518358839465
Taif,SAU,2000,6.99065368002627,DMSP_calibrated,27.82105787155497
Taif,SAU,2001,7.663864382610093,DMSP_calibrated,28.26734454283742
Taif,SAU,2002,8.715983566888987,DMSP_calibrated,28.964818256107403
Taif,SAU,2003,6.484911673766412,DMSP_calibrated,27.485790004251097
Taif,SAU,2004,5.9007241105231,DMSP_calibrated,27.09851879480089
Taif,SAU,2005,3.4143327152186345,DMSP_calibrated,25.450233443636865
Taif,SAU,2006,5.423098725854274,DMSP_calibrated,26.78189007480916
Taif,SAU,2007,4.187062735143769,DMSP_calibrated,25.96249373164004
Taif,SAU,2008,5.198303642137354,DMSP_calibrated,26.632868306070723
Taif,SAU,2009,7.505150254082665,DMSP_calibrated,28.162129340770456
Taif,SAU,2010,17.59334069741235,DMSP_calibrated,34.84982000720998
Taif,SAU,2011,15.095469626579948,DMSP_calibrated,33.19392451829992
Taif,SAU,2012,16.17883423933523,DMSP_calibrated,33.91211153605838
Taif,SAU,2013,14.9093138142257,VIIRS,14.9093138142257
Taif,SAU,2014,15.738189887578942,VIIRS,15.738189887578942
Taif,SAU,2015,17.438547817129784,VIIRS,17.438547817129784
Taif,SAU,2016,18.08146669631224,VIIRS,18.08146669631224
Taif,SAU,2017,18.54349023466596,VIIRS,18.54349023466596
Taif,SAU,2018,17.982488069003566,VIIRS,17.982488069003566
Taif,SAU,2019,18.25368520624264,VIIRS,18.25368520624264
Taif,SAU,2020,17.820028401634495,VIIRS,17.820028401634495
Taif,SAU,2021,14.679352701294976,VIIRS,14.679352701294976
Taif,SAU,2022,14.145117603667495,VIIRS,14.145117603667495
Taif,SAU,2023,15.305430911488292,VIIRS,15.305430911488292
